{
  "packageVersion": "2024.2.0-dynamic",
  "createdAt": "2025-09-27T01:10:00.705982",
  "dynamicFeatures": {
    "networkDiscovery": {
      "description": "Learns network topology from actual environment",
      "capabilities": [
        "Subnet scanning with service detection",
        "Dynamic device fingerprinting",
        "Real-time service enumeration",
        "Network relationship mapping"
      ]
    },
    "locationDetection": {
      "description": "ML-based location detection from environment data",
      "capabilities": [
        "Traffic pattern analysis for location inference",
        "Behavioral analysis for zone classification",
        "Time pattern analysis for timezone detection",
        "Network behavior learning"
      ]
    },
    "threatDetection": {
      "description": "Completely dynamic threat detection with no hardcoded patterns",
      "capabilities": [
        "Historical detection learning",
        "Behavioral anomaly detection",
        "Network context analysis",
        "ML-based threat classification",
        "Adaptive threshold optimization"
      ]
    },
    "containerOrchestration": {
      "description": "Red Team container orchestration with exact system replication",
      "capabilities": [
        "Exact target system replication",
        "Dynamic attack tool installation",
        "Phishing infrastructure setup",
        "Dynamic resource creation",
        "Comprehensive attack logging"
      ]
    }
  },
  "noHardcoding": {
    "removedElements": [
      "Hardcoded location mappings",
      "Fixed threat patterns",
      "Static network zone assignments",
      "Predefined detection thresholds",
      "Hardcoded attack scenarios"
    ],
    "dynamicReplacements": [
      "ML-based location learning",
      "Environment-trained threat detection",
      "Behavior-based zone classification",
      "Adaptive threshold optimization",
      "Real-time attack scenario generation"
    ]
  }
}